{"period_label":"January 2026","months":[{"month":"2026-01","label":"January 2026","year":2026,"month_num":1,"revenue":3299582.75,"profit":1817816.375,"margin":55.09231053532451,"units":171384,"transactions":55395,"customers":30397,"full_price_pct":68.84576163455819,"mom_revenue_pct":null,"mom_profit_pct":null,"mom_margin_pts":null,"mom_units_pct":null,"yoy_revenue_pct":null,"yoy_profit_pct":null,"yoy_margin_pts":null}],"totals":{"revenue":3299582.75,"profit":1817816.375,"units":171384,"transactions":55395,"avg_margin":55.1,"avg_full_price_pct":68.8},"best_month":{"label":"January 2026","revenue":3299582.75},"worst_month":{"label":"January 2026","revenue":3299582.75},"yoy_comparison":[{"month_label":"January","month_num":1,"y2024_revenue":3880419.25,"y2024_profit":1968879.125,"y2024_margin":50.7,"y2024_units":232678,"y2024_full_price_pct":66.2,"y2025_revenue":3712461.25,"y2025_profit":1916876.875,"y2025_margin":51.6,"y2025_units":231014,"y2025_full_price_pct":65.5,"y2026_revenue":3299582.75,"y2026_profit":1817816.375,"y2026_margin":55.1,"y2026_units":171384,"y2026_full_price_pct":68.8,"revenue_change_pct":-11.121422479493894,"profit_change_pct":-5.167807139412645,"margin_change_pts":3.5,"y1":2025,"y2":2026,"y1_revenue":3712461.25,"y1_profit":1916876.875,"y1_margin":51.6,"y1_units":231014,"y1_full_price_pct":65.5,"y2_revenue":3299582.75,"y2_profit":1817816.375,"y2_margin":55.1,"y2_units":171384,"y2_full_price_pct":68.8},{"month_label":"February","month_num":2,"y2024_revenue":3977328.0,"y2024_profit":2066649.875,"y2024_margin":52.0,"y2024_units":230990,"y2024_full_price_pct":72.7,"y2025_revenue":3489088.75,"y2025_profit":1785988.375,"y2025_margin":51.2,"y2025_units":211348,"y2025_full_price_pct":65.9,"y2026_revenue":null,"y2026_profit":null,"y2026_margin":null,"y2026_units":null,"y2026_full_price_pct":null,"revenue_change_pct":null,"profit_change_pct":null,"margin_change_pts":null,"y1":2025,"y2":2026,"y1_revenue":3489088.75,"y1_profit":1785988.375,"y1_margin":51.2,"y1_units":211348,"y1_full_price_pct":65.9,"y2_revenue":null,"y2_profit":null,"y2_margin":null,"y2_units":null,"y2_full_price_pct":null},{"month_label":"March","month_num":3,"y2024_revenue":4194721.5,"y2024_profit":2185041.5,"y2024_margin":52.1,"y2024_units":241143,"y2024_full_price_pct":72.3,"y2025_revenue":3739489.5,"y2025_profit":1888022.875,"y2025_margin":50.5,"y2025_units":232933,"y2025_full_price_pct":64.2,"y2026_revenue":null,"y2026_profit":null,"y2026_margin":null,"y2026_units":null,"y2026_full_price_pct":null,"revenue_change_pct":null,"profit_change_pct":null,"margin_change_pts":null,"y1":2025,"y2":2026,"y1_revenue":3739489.5,"y1_profit":1888022.875,"y1_margin":50.5,"y1_units":232933,"y1_full_price_pct":64.2,"y2_revenue":null,"y2_profit":null,"y2_margin":null,"y2_units":null,"y2_full_price_pct":null},{"month_label":"April","month_num":4,"y2024_revenue":4055025.5,"y2024_profit":2011588.125,"y2024_margin":49.6,"y2024_units":243179,"y2024_full_price_pct":64.4,"y2025_revenue":3947929.0,"y2025_profit":1723232.875,"y2025_margin":43.6,"y2025_units":267923,"y2025_full_price_pct":46.7,"y2026_revenue":null,"y2026_profit":null,"y2026_margin":null,"y2026_units":null,"y2026_full_price_pct":null,"revenue_change_pct":null,"profit_change_pct":null,"margin_change_pts":null,"y1":2025,"y2":2026,"y1_revenue":3947929.0,"y1_profit":1723232.875,"y1_margin":43.6,"y1_units":267923,"y1_full_price_pct":46.7,"y2_revenue":null,"y2_profit":null,"y2_margin":null,"y2_units":null,"y2_full_price_pct":null},{"month_label":"May","month_num":5,"y2024_revenue":4119134.0,"y2024_profit":2164402.75,"y2024_margin":52.5,"y2024_units":241077,"y2024_full_price_pct":72.4,"y2025_revenue":3797386.5,"y2025_profit":1950009.0,"y2025_margin":51.4,"y2025_units":232065,"y2025_full_price_pct":65.8,"y2026_revenue":null,"y2026_profit":null,"y2026_margin":null,"y2026_units":null,"y2026_full_price_pct":null,"revenue_change_pct":null,"profit_change_pct":null,"margin_change_pts":null,"y1":2025,"y2":2026,"y1_revenue":3797386.5,"y1_profit":1950009.0,"y1_margin":51.4,"y1_units":232065,"y1_full_price_pct":65.8,"y2_revenue":null,"y2_profit":null,"y2_margin":null,"y2_units":null,"y2_full_price_pct":null},{"month_label":"June","month_num":6,"y2024_revenue":3964744.25,"y2024_profit":2069179.0,"y2024_margin":52.2,"y2024_units":243468,"y2024_full_price_pct":70.3,"y2025_revenue":3567384.5,"y2025_profit":1866485.0,"y2025_margin":52.3,"y2025_units":217174,"y2025_full_price_pct":66.5,"y2026_revenue":null,"y2026_profit":null,"y2026_margin":null,"y2026_units":null,"y2026_full_price_pct":null,"revenue_change_pct":null,"profit_change_pct":null,"margin_change_pts":null,"y1":2025,"y2":2026,"y1_revenue":3567384.5,"y1_profit":1866485.0,"y1_margin":52.3,"y1_units":217174,"y1_full_price_pct":66.5,"y2_revenue":null,"y2_profit":null,"y2_margin":null,"y2_units":null,"y2_full_price_pct":null},{"month_label":"July","month_num":7,"y2024_revenue":4001471.0,"y2024_profit":2107335.0,"y2024_margin":52.7,"y2024_units":246888,"y2024_full_price_pct":69.4,"y2025_revenue":3662786.75,"y2025_profit":2000284.25,"y2025_margin":54.6,"y2025_units":220206,"y2025_full_price_pct":67.8,"y2026_revenue":null,"y2026_profit":null,"y2026_margin":null,"y2026_units":null,"y2026_full_price_pct":null,"revenue_change_pct":null,"profit_change_pct":null,"margin_change_pts":null,"y1":2025,"y2":2026,"y1_revenue":3662786.75,"y1_profit":2000284.25,"y1_margin":54.6,"y1_units":220206,"y1_full_price_pct":67.8,"y2_revenue":null,"y2_profit":null,"y2_margin":null,"y2_units":null,"y2_full_price_pct":null},{"month_label":"August","month_num":8,"y2024_revenue":4066533.5,"y2024_profit":2105411.5,"y2024_margin":51.8,"y2024_units":261385,"y2024_full_price_pct":66.9,"y2025_revenue":3664039.75,"y2025_profit":2053993.75,"y2025_margin":56.1,"y2025_units":221437,"y2025_full_price_pct":69.4,"y2026_revenue":null,"y2026_profit":null,"y2026_margin":null,"y2026_units":null,"y2026_full_price_pct":null,"revenue_change_pct":null,"profit_change_pct":null,"margin_change_pts":null,"y1":2025,"y2":2026,"y1_revenue":3664039.75,"y1_profit":2053993.75,"y1_margin":56.1,"y1_units":221437,"y1_full_price_pct":69.4,"y2_revenue":null,"y2_profit":null,"y2_margin":null,"y2_units":null,"y2_full_price_pct":null},{"month_label":"September","month_num":9,"y2024_revenue":3870508.0,"y2024_profit":1977018.875,"y2024_margin":51.1,"y2024_units":247181,"y2024_full_price_pct":65.4,"y2025_revenue":3447792.5,"y2025_profit":1931766.625,"y2025_margin":56.0,"y2025_units":209610,"y2025_full_price_pct":69.9,"y2026_revenue":null,"y2026_profit":null,"y2026_margin":null,"y2026_units":null,"y2026_full_price_pct":null,"revenue_change_pct":null,"profit_change_pct":null,"margin_change_pts":null,"y1":2025,"y2":2026,"y1_revenue":3447792.5,"y1_profit":1931766.625,"y1_margin":56.0,"y1_units":209610,"y1_full_price_pct":69.9,"y2_revenue":null,"y2_profit":null,"y2_margin":null,"y2_units":null,"y2_full_price_pct":null},{"month_label":"October","month_num":10,"y2024_revenue":4158317.5,"y2024_profit":2168637.25,"y2024_margin":52.2,"y2024_units":263104,"y2024_full_price_pct":66.1,"y2025_revenue":3623337.75,"y2025_profit":2009459.0,"y2025_margin":55.5,"y2025_units":221706,"y2025_full_price_pct":66.9,"y2026_revenue":null,"y2026_profit":null,"y2026_margin":null,"y2026_units":null,"y2026_full_price_pct":null,"revenue_change_pct":null,"profit_change_pct":null,"margin_change_pts":null,"y1":2025,"y2":2026,"y1_revenue":3623337.75,"y1_profit":2009459.0,"y1_margin":55.5,"y1_units":221706,"y1_full_price_pct":66.9,"y2_revenue":null,"y2_profit":null,"y2_margin":null,"y2_units":null,"y2_full_price_pct":null},{"month_label":"November","month_num":11,"y2024_revenue":4065885.75,"y2024_profit":1915214.5,"y2024_margin":47.1,"y2024_units":268520,"y2024_full_price_pct":56.2,"y2025_revenue":3608106.5,"y2025_profit":1855467.0,"y2025_margin":51.4,"y2025_units":229874,"y2025_full_price_pct":55.5,"y2026_revenue":null,"y2026_profit":null,"y2026_margin":null,"y2026_units":null,"y2026_full_price_pct":null,